{
  "best_layer": 14,
  "best_accuracy": 0.5750917460935416,
  "length_baseline": 0.5828693954525181,
  "n_lied": 516,
  "n_resisted": 367,
  "n_refused": 31,
  "pca_components": 128,
  "layer_results": {
    "0": {
      "mean": 0.5,
      "std": 0.0
    },
    "1": {
      "mean": 0.47074203770406714,
      "std": 0.04065522086295078
    },
    "2": {
      "mean": 0.46422138413593395,
      "std": 0.05349641385684329
    },
    "3": {
      "mean": 0.4837062152180519,
      "std": 0.047799447372708796
    },
    "4": {
      "mean": 0.4773022480264134,
      "std": 0.0352719074640795
    },
    "5": {
      "mean": 0.49434614914565705,
      "std": 0.06115710260461947
    },
    "6": {
      "mean": 0.5067517763039109,
      "std": 0.04753679611402098
    },
    "7": {
      "mean": 0.5058022275654276,
      "std": 0.05644839140016777
    },
    "8": {
      "mean": 0.49995799622245957,
      "std": 0.04853561682400701
    },
    "9": {
      "mean": 0.5070033911319322,
      "std": 0.035196043617362074
    },
    "10": {
      "mean": 0.5232331385576499,
      "std": 0.03217101335073119
    },
    "11": {
      "mean": 0.5533924314812732,
      "std": 0.040028985007198786
    },
    "12": {
      "mean": 0.5523588648189659,
      "std": 0.03362388091056489
    },
    "13": {
      "mean": 0.5581715682709831,
      "std": 0.04817509935488418
    },
    "14": {
      "mean": 0.5750917460935416,
      "std": 0.050869531967285234
    },
    "15": {
      "mean": 0.5674189420066531,
      "std": 0.05216366495179918
    },
    "16": {
      "mean": 0.5582358890395198,
      "std": 0.08229419722934628
    },
    "17": {
      "mean": 0.5441942816244586,
      "std": 0.08253358982751832
    },
    "18": {
      "mean": 0.5486790498028695,
      "std": 0.07459606629510514
    },
    "19": {
      "mean": 0.555215401647773,
      "std": 0.07276427518187101
    },
    "20": {
      "mean": 0.5462119249391494,
      "std": 0.07460812495920872
    },
    "21": {
      "mean": 0.5479019090652951,
      "std": 0.07013201428084335
    },
    "22": {
      "mean": 0.5530695488269635,
      "std": 0.06929966151570287
    },
    "23": {
      "mean": 0.5624856945910277,
      "std": 0.06235299084555159
    },
    "24": {
      "mean": 0.5492691176808081,
      "std": 0.06580713202959225
    },
    "25": {
      "mean": 0.5570364259468528,
      "std": 0.05970734280379939
    },
    "26": {
      "mean": 0.5410005809261029,
      "std": 0.07516035015048861
    },
    "27": {
      "mean": 0.5518662907743902,
      "std": 0.04887211881565342
    },
    "28": {
      "mean": 0.5439312369854996,
      "std": 0.049097118310645824
    },
    "29": {
      "mean": 0.5517420905155311,
      "std": 0.06797184823027373
    },
    "30": {
      "mean": 0.5480498433766819,
      "std": 0.058237222593682685
    },
    "31": {
      "mean": 0.5387672331963461,
      "std": 0.06542265580251504
    },
    "32": {
      "mean": 0.5572832089406766,
      "std": 0.06048353295275268
    }
  },
  "label_source": "gpt-4.1-nano AI judge"
}